Description,Site Location,Contact Telephone,Contact URL,Contact Email
UNKNOWN,St Andrews,,http://st-andrews.ac.uk,
INDIGO2 COMPUTER RJ 5690,St Andrews,,http://creem2.st-andrews.ac.uk,
INDIGO2 COMPUTER RP 1581,St Andrews,+441334463800,http://www.st-andrews.ac.uk/chemistry/,chemistry@st-andrews.ac.uk
INDIGO2 COMPUTER RP 1705,St Andrews,+441334462157,http://www.st-andrews.ac.uk/psychology/,psych@st-andrews.ac.uk
ZEISS MICROSCOPE RP 2409,St Andrews,+441334461851,http://medicine.st-andrews.ac.uk,medicine@st-andrews.ac.uk
AUTOLAB SYSTEM RP 4742,St Andrews,+441334463800,http://www.st-andrews.ac.uk/chemistry/,chemistry@st-andrews.ac.uk
RS6000 COMPUTER RP 6121,St Andrews,+441334463800,http://www.st-andrews.ac.uk/chemistry/,chemistry@st-andrews.ac.uk
SUN ULTRA COMPUTER RP 4592,St Andrews,+441334461851,http://medicine.st-andrews.ac.uk,medicine@st-andrews.ac.uk
HP EQUIPMENT RP 6006,St Andrews,+441334463800,http://www.st-andrews.ac.uk/chemistry/,chemistry@st-andrews.ac.uk
DRYING SYSTEM - SAMPLES RJ6981,St Andrews,+441334463800,http://www.st-andrews.ac.uk/chemistry/,chemistry@st-andrews.ac.uk
Tema Image Analysis System,St Andrews,+441334463446,http://www.smru.st-andrews.ac.uk,smru@st-andrews.ac.uk
Greenhouse (Part) BBSRC Funded,St Andrews,+441334461851,http://medicine.st-andrews.ac.uk,medicine@st-andrews.ac.uk
Easy Store B17818 Computer,St Andrews,+441334461851,http://medicine.st-andrews.ac.uk,medicine@st-andrews.ac.uk
IRV3819 Microplate Luminometer,St Andrews,+441334461851,http://medicine.st-andrews.ac.uk,medicine@st-andrews.ac.uk
B16412 Packard Instant Imager,St Andrews,+441334461851,http://medicine.st-andrews.ac.uk,medicine@st-andrews.ac.uk
G9426 Water Chiller,St Andrews,+441334461851,http://medicine.st-andrews.ac.uk,medicine@st-andrews.ac.uk
MicroCal MCS-ITC System,St Andrews,+441334463401,http://www.st-andrews.ac.uk/bsrc/,bsrc-off@st-andrews.ac.uk
Macpile 16 Cannel X-Ray Sys,St Andrews,+441334463800,http://www.st-andrews.ac.uk/chemistry/,chemistry@st-andrews.ac.uk
Macpile System 4 POT/12,St Andrews,+441334463800,http://www.st-andrews.ac.uk/chemistry/,chemistry@st-andrews.ac.uk
Buhler Variable Temp Stage,St Andrews,+441334463800,http://www.st-andrews.ac.uk/chemistry/,chemistry@st-andrews.ac.uk
Hispeed Eyetracking System,St Andrews,+441334462157,http://www.st-andrews.ac.uk/psychology/,psych@st-andrews.ac.uk
Med Assoc RESEAR Computer,St Andrews,+441334462157,http://www.st-andrews.ac.uk/psychology/,psych@st-andrews.ac.uk
Datajet Integrater 1 Channel,St Andrews,+441334463401,http://www.st-andrews.ac.uk/bsrc/,bsrc-off@st-andrews.ac.uk
Origin 200 (S/N 69057396),St Andrews,+441334463401,http://www.st-andrews.ac.uk/bsrc/,bsrc-off@st-andrews.ac.uk
High Perform Isocratic System,St Andrews,+441334463800,http://www.st-andrews.ac.uk/chemistry/,chemistry@st-andrews.ac.uk
EPR Spectrometer 32/7662,St Andrews,+441334463800,http://www.st-andrews.ac.uk/chemistry/,chemistry@st-andrews.ac.uk
Freq Response Analyser 52/7556,St Andrews,+441334463800,http://www.st-andrews.ac.uk/chemistry/,chemistry@st-andrews.ac.uk
HP6890/5973 Computer System,St Andrews,+441334463800,http://www.st-andrews.ac.uk/chemistry/,chemistry@st-andrews.ac.uk
HP6890/5973 System 52/7557,St Andrews,+441334463800,http://www.st-andrews.ac.uk/chemistry/,chemistry@st-andrews.ac.uk
HP6890/5973 System 52/7557,St Andrews,+441334463800,http://www.st-andrews.ac.uk/chemistry/,chemistry@st-andrews.ac.uk
Nitrogen Gas Cryostream Cooler,St Andrews,+441334463800,http://www.st-andrews.ac.uk/chemistry/,chemistry@st-andrews.ac.uk
8600/200 Computers Scotsys,St Andrews,,http://creem2.st-andrews.ac.uk,
PHA11100 TH12/88/15 System,St Andrews,+441334463111,http://www.st-andrews.ac.uk/physics/,physics@st-andrews.ac.uk
Millenia Laser PHA10959,St Andrews,+441334463111,http://www.st-andrews.ac.uk/physics/,physics@st-andrews.ac.uk
Millennia Laser (V),St Andrews,+441334463111,http://www.st-andrews.ac.uk/physics/,physics@st-andrews.ac.uk
Microbore Chrom PL16879,St Andrews,+441334462157,http://www.st-andrews.ac.uk/psychology/,psych@st-andrews.ac.uk
52/7662 EMX 10/12 EPR Spectrom,St Andrews,+441334463800,http://www.st-andrews.ac.uk/chemistry/,chemistry@st-andrews.ac.uk
Ford Transit R726RSP Maritime,St Andrews,,http://www.st-andrews.ac.uk/history/,
PHA11782 2GHz Spectrum Analyse,St Andrews,+441334463111,http://www.st-andrews.ac.uk/physics/,physics@st-andrews.ac.uk
PL16885 CeNeS Cognition Equip,St Andrews,+441334462157,http://www.st-andrews.ac.uk/psychology/,psych@st-andrews.ac.uk
MACPILE 4 POT/12 Inten 220v,St Andrews,+441334463800,http://www.st-andrews.ac.uk/chemistry/,chemistry@st-andrews.ac.uk
RS3000/RS2000 Equip PHA11397,St Andrews,+441334463111,http://www.st-andrews.ac.uk/physics/,physics@st-andrews.ac.uk
Millennia V220/40 PHA12067,St Andrews,+441334463111,http://www.st-andrews.ac.uk/physics/,physics@st-andrews.ac.uk
52/9254 PLUG FLOW MICROREACTOR,St Andrews,+441334463800,http://www.st-andrews.ac.uk/chemistry/,chemistry@st-andrews.ac.uk
BMS7977 Alpha Server 1200  Arm,St Andrews,+441334463401,http://www.st-andrews.ac.uk/bsrc/,bsrc-off@st-andrews.ac.uk
PROFORMA-PE9903026,St Andrews,+441334463800,http://www.st-andrews.ac.uk/chemistry/,chemistry@st-andrews.ac.uk
BMS7409 TOFSPEC 2E,St Andrews,+441334463401,http://www.st-andrews.ac.uk/bsrc/,bsrc-off@st-andrews.ac.uk
BMS7409 2nd part of Micromass,St Andrews,+441334463401,http://www.st-andrews.ac.uk/bsrc/,bsrc-off@st-andrews.ac.uk
10779-TH12/88/15 SYSTEM MAGNET,St Andrews,+441334463111,http://www.st-andrews.ac.uk/physics/,physics@st-andrews.ac.uk
97108,St Andrews,+441334463111,http://www.st-andrews.ac.uk/physics/,physics@st-andrews.ac.uk
WORKHUT FOR NORTH RONA,St Andrews,+441334463446,http://www.smru.st-andrews.ac.uk,smru@st-andrews.ac.uk
PHA12951 T40-Z-106C  CW Nd:YVO,St Andrews,+441334463111,http://www.st-andrews.ac.uk/physics/,physics@st-andrews.ac.uk
GAS CHROMATOGRAPHY,St Andrews,+441334463446,http://www.smru.st-andrews.ac.uk,smru@st-andrews.ac.uk
10059-OPTICAL SPECTRUM ANALYSE,St Andrews,+441334463111,http://www.st-andrews.ac.uk/physics/,physics@st-andrews.ac.uk
PL17909 BBSRC Operant Chambers,St Andrews,+441334462157,http://www.st-andrews.ac.uk/psychology/,psych@st-andrews.ac.uk
PL17910 IVSA Boxes & Control S,St Andrews,+441334462157,http://www.st-andrews.ac.uk/psychology/,psych@st-andrews.ac.uk
5630NARASHIGE INTL $26091.75,St Andrews,+441334463401,http://www.st-andrews.ac.uk/bsrc/,bsrc-off@st-andrews.ac.uk
1218,St Andrews,+441334463800,http://www.st-andrews.ac.uk/chemistry/,chemistry@st-andrews.ac.uk
FD GLOVE BOX TECH GBP 16 081,St Andrews,+441334463800,http://www.st-andrews.ac.uk/chemistry/,chemistry@st-andrews.ac.uk
Keltec (aquired99-in use2000),St Andrews,,http://st-andrews.ac.uk,
BIOCAD SYSTEM,St Andrews,+441334463401,http://www.st-andrews.ac.uk/bsrc/,bsrc-off@st-andrews.ac.uk
CRYOJETA nitrogen jet system BC1209: Hyp,St Andrews,+441334463401,http://www.st-andrews.ac.uk/bsrc/,bsrc-off@st-andrews.ac.uk
As per Quotation No BC1185: Hyperdata,St Andrews,+441334463401,http://www.st-andrews.ac.uk/bsrc/,bsrc-off@st-andrews.ac.uk
FD NEW WAYS ANALYTICS DM 4630052FD/005/9,St Andrews,+441334463800,http://www.st-andrews.ac.uk/chemistry/,chemistry@st-andrews.ac.uk
CHAIRS,St Andrews,+441334462157,http://www.st-andrews.ac.uk/psychology/,psych@st-andrews.ac.uk
CHAIRS,St Andrews,+441334462157,http://www.st-andrews.ac.uk/psychology/,psych@st-andrews.ac.uk
WOLFSON PSYCHOLOGY LAB,St Andrews,+441334462157,http://www.st-andrews.ac.uk/psychology/,psych@st-andrews.ac.uk
WOLFSON LAB BLIND CHRIS CRAFT,St Andrews,+441334462157,http://www.st-andrews.ac.uk/psychology/,psych@st-andrews.ac.uk
BUILDING WARRANT,St Andrews,+441334462157,http://www.st-andrews.ac.uk/psychology/,psych@st-andrews.ac.uk
QS OF WOLFSON LAB,St Andrews,+441334462157,http://www.st-andrews.ac.uk/psychology/,psych@st-andrews.ac.uk
GBS SURVEY,St Andrews,+441334462157,http://www.st-andrews.ac.uk/psychology/,psych@st-andrews.ac.uk
PLANNING APPLICATION FEE,St Andrews,+441334462157,http://www.st-andrews.ac.uk/psychology/,psych@st-andrews.ac.uk
1227 A THOM,St Andrews,+441334462157,http://www.st-andrews.ac.uk/psychology/,psych@st-andrews.ac.uk
1313 A THOM,St Andrews,+441334462157,http://www.st-andrews.ac.uk/psychology/,psych@st-andrews.ac.uk
Final Payment Mass Spec BC1226: Hyperdat,St Andrews,+441334463401,http://www.st-andrews.ac.uk/bsrc/,bsrc-off@st-andrews.ac.uk
IT MOLECULAR STRUCTURE 52/FC/020/99,St Andrews,+441334463800,http://www.st-andrews.ac.uk/chemistry/,chemistry@st-andrews.ac.uk
52/I9450,St Andrews,+441334463800,http://www.st-andrews.ac.uk/chemistry/,chemistry@st-andrews.ac.uk
Equip/Furniture-Gf (General)70% Prepayme,St Andrews,+441334463111,http://www.st-andrews.ac.uk/physics/,physics@st-andrews.ac.uk
7525 LOT ORIEL LTD Electro Mech Works -P,St Andrews,+441334463800,http://www.st-andrews.ac.uk/chemistry/,chemistry@st-andrews.ac.uk
MACCOR INC Battery Test System $97600 @1,St Andrews,+441334463800,http://www.st-andrews.ac.uk/chemistry/,chemistry@st-andrews.ac.uk
70 31589 AGILENT TECHNOLOGIES UK LTD Gas,St Andrews,+441334463800,http://www.st-andrews.ac.uk/chemistry/,chemistry@st-andrews.ac.uk
24/9125/3 HALL & TAWSE (SCOTLAND) LTD,St Andrews,+441334463111,http://www.st-andrews.ac.uk/physics/,physics@st-andrews.ac.uk
24/9125/3 HALL & TAWSE (SCOTLAND) LTD,St Andrews,+441334463111,http://www.st-andrews.ac.uk/physics/,physics@st-andrews.ac.uk
Spectra Physics Laser,St Andrews,+441334463111,http://www.st-andrews.ac.uk/physics/,physics@st-andrews.ac.uk
Millenia V Laser PA78: Hyperdata SPECTRA,St Andrews,+441334463111,http://www.st-andrews.ac.uk/physics/,physics@st-andrews.ac.uk
BALANCE ON INSERT & PROBES OXFORD INSTRU,St Andrews,+441334463111,http://www.st-andrews.ac.uk/physics/,physics@st-andrews.ac.uk
SYS TA100/780/HV/DS PA79: Hyperdata ELLI,St Andrews,+441334463111,http://www.st-andrews.ac.uk/physics/,physics@st-andrews.ac.uk
VEECO Instruments - Detak System,St Andrews,+441334463111,http://www.st-andrews.ac.uk/physics/,physics@st-andrews.ac.uk
VISTA AFM MD SCITECH LTD,St Andrews,+441334463111,http://www.st-andrews.ac.uk/physics/,physics@st-andrews.ac.uk
GOLD PROFESSIONAL WORKSTATION ELLIOT SCI,St Andrews,+441334463111,http://www.st-andrews.ac.uk/physics/,physics@st-andrews.ac.uk
Cary 300 Spectrophotometer PA75: Hyperda,St Andrews,+441334463111,http://www.st-andrews.ac.uk/physics/,physics@st-andrews.ac.uk
CLEAN ROOM VAL CERT NO 2 HALL & TAWSE (S,St Andrews,+441334463111,http://www.st-andrews.ac.uk/physics/,physics@st-andrews.ac.uk
685811 BIO - RAD LABORATORIES LTD. Nikon,St Andrews,+441334463446,http://www.smru.st-andrews.ac.uk,smru@st-andrews.ac.uk
685729 BIO - RAD LABORATORIES LTD. Radia,St Andrews,+441334463446,http://www.smru.st-andrews.ac.uk,smru@st-andrews.ac.uk
Biologic DuoFlow Core System BC1270: Hyp,St Andrews,+441334463401,http://www.st-andrews.ac.uk/bsrc/,bsrc-off@st-andrews.ac.uk
273967 ZAHNER-ELEKTRIK E24593.14,St Andrews,+441334463800,http://www.st-andrews.ac.uk/chemistry/,chemistry@st-andrews.ac.uk
EO2705 JEOL (UK) LIMITED  Electron Micro,St Andrews,+441334463800,http://www.st-andrews.ac.uk/chemistry/,chemistry@st-andrews.ac.uk
50004245 VARIAN LTD  Quote UK00083101,St Andrews,+441334463800,http://www.st-andrews.ac.uk/chemistry/,chemistry@st-andrews.ac.uk
IT IP FIBRE DEVICES UK $30961.25 Laser,St Andrews,+441334463111,http://www.st-andrews.ac.uk/physics/,physics@st-andrews.ac.uk
59-21984 OXFORD INSTRUMENTS  Maglab Exa,St Andrews,+441334463111,http://www.st-andrews.ac.uk/physics/,physics@st-andrews.ac.uk
High Field ESR Spectrometer PA83: Hyperd,St Andrews,+441334463111,http://www.st-andrews.ac.uk/physics/,physics@st-andrews.ac.uk
59-7764 OXFORD INSTRUMENTS SUPERCONDUCTI,St Andrews,+441334463111,http://www.st-andrews.ac.uk/physics/,physics@st-andrews.ac.uk
LITHOGRAPHY SYSTEM EM SYSTEMS SUPPORT,St Andrews,+441334463111,http://www.st-andrews.ac.uk/physics/,physics@st-andrews.ac.uk
ION GUNS 3cm Kaufmann-type PA88: Hyperda,St Andrews,+441334463111,http://www.st-andrews.ac.uk/physics/,physics@st-andrews.ac.uk
GB/0004/01 NETZSCH INSTRUMENTS,St Andrews,+441334463800,http://www.st-andrews.ac.uk/chemistry/,chemistry@st-andrews.ac.uk
PA5634 JEOL (UK) LIMITED,St Andrews,+441334463800,http://www.st-andrews.ac.uk/chemistry/,chemistry@st-andrews.ac.uk
E-beam evaporatar system PA85: Hyperdata,St Andrews,+441334463111,http://www.st-andrews.ac.uk/physics/,physics@st-andrews.ac.uk
Aquisition System BM244: Hyperdata IMPRO,St Andrews,+441334463401,http://www.st-andrews.ac.uk/bsrc/,bsrc-off@st-andrews.ac.uk
93326186 LEICA MICROSYSTEMS LIMITED,St Andrews,+441334463446,http://www.smru.st-andrews.ac.uk,smru@st-andrews.ac.uk
3673 ECLIPSE COMPUTING,St Andrews,,http://creem2.st-andrews.ac.uk,
01/AP/07/015 SEA ADVANCED PRODUCTS LTD,St Andrews,+441334462894,http://www.st-andrews.ac.uk/gg/,gg@st-andrews.ac.uk
IT GEOMETRICS $22830,St Andrews,,http://www.st-andrews.ac.uk/history/,
283 POTENTIOSTAT/GALVANOSTAT CH1226: Hyp,St Andrews,+441334463800,http://www.st-andrews.ac.uk/chemistry/,chemistry@st-andrews.ac.uk
Helium Leak Detector PA85: Hyperdata LEY,St Andrews,+441334463111,http://www.st-andrews.ac.uk/physics/,physics@st-andrews.ac.uk
IT SEIMAC $30 000,St Andrews,+441334463446,http://www.smru.st-andrews.ac.uk,smru@st-andrews.ac.uk
PURDIE,St Andrews,+441334463800,http://www.st-andrews.ac.uk/chemistry/,chemistry@st-andrews.ac.uk
SCOTT LANG,St Andrews,,http://creem2.st-andrews.ac.uk,
PHOTONICS LAB,St Andrews,+441334463111,http://www.st-andrews.ac.uk/physics/,physics@st-andrews.ac.uk
Catalyst Testing,St Andrews,+441334463800,http://www.st-andrews.ac.uk/chemistry/,chemistry@st-andrews.ac.uk
SI-148250 SPECTRA-PHYSICS LTD,St Andrews,+441334463111,http://www.st-andrews.ac.uk/physics/,physics@st-andrews.ac.uk
504297 LEO ELECTRON MICROSCOPY LTD,St Andrews,+441334463111,http://www.st-andrews.ac.uk/physics/,physics@st-andrews.ac.uk
0000011210 KURT J LESKER CO LTD,St Andrews,+441334463111,http://www.st-andrews.ac.uk/physics/,physics@st-andrews.ac.uk
OPTICAL TABLES AND ACILLARY PA100: Hyper,St Andrews,+441334463111,http://www.st-andrews.ac.uk/physics/,physics@st-andrews.ac.uk
IT FEMTOLASERS EURO35535+EURO32.91,St Andrews,+441334463111,http://www.st-andrews.ac.uk/physics/,physics@st-andrews.ac.uk
Andor CCD camera for PA104: Hyperdata LO,St Andrews,+441334463111,http://www.st-andrews.ac.uk/physics/,physics@st-andrews.ac.uk
0156181 MCMILLAN UK LTD,St Andrews,,http://creem2.st-andrews.ac.uk,
X-Ray Data Collection BC1296: Hyperdata,St Andrews,+441334463800,http://www.st-andrews.ac.uk/chemistry/,chemistry@st-andrews.ac.uk
BioCad/700E Biochromatography BC1296: Hy,St Andrews,+441334463800,http://www.st-andrews.ac.uk/chemistry/,chemistry@st-andrews.ac.uk
LCT Orthogonal Acceleration BC1290: Hype,St Andrews,+441334463800,http://www.st-andrews.ac.uk/chemistry/,chemistry@st-andrews.ac.uk
40% paid on delivery BC1298: Hyperdata M,St Andrews,+441334463800,http://www.st-andrews.ac.uk/chemistry/,chemistry@st-andrews.ac.uk
G2019116 HIDEN ANALYTICAL,St Andrews,+441334463800,http://www.st-andrews.ac.uk/chemistry/,chemistry@st-andrews.ac.uk
Avanti J-20 Centrifuges. BC1296: Hyperda,St Andrews,+441334463800,http://www.st-andrews.ac.uk/chemistry/,chemistry@st-andrews.ac.uk
VP-ITC Microcalorimeter BC1290: Hyperdat,St Andrews,+441334463800,http://www.st-andrews.ac.uk/chemistry/,chemistry@st-andrews.ac.uk
Bruker AVANCE 500 High BC1296: Hyperdata,St Andrews,+441334463800,http://www.st-andrews.ac.uk/chemistry/,chemistry@st-andrews.ac.uk
54/00873/01 NETZSCH INSTRUMENTS,St Andrews,+441334463800,http://www.st-andrews.ac.uk/chemistry/,chemistry@st-andrews.ac.uk
BioFlo 110 Advanced BC1298: Hyperdata NE,St Andrews,+441334463800,http://www.st-andrews.ac.uk/chemistry/,chemistry@st-andrews.ac.uk
LC/MS SYSTEM Consisting of BC1296: Hyper,St Andrews,+441334463800,http://www.st-andrews.ac.uk/chemistry/,chemistry@st-andrews.ac.uk
Investigator ProGest Protein BC1292: Hyp,St Andrews,+441334463800,http://www.st-andrews.ac.uk/chemistry/,chemistry@st-andrews.ac.uk
EO 4273 JEOL (UK) LIMITED,St Andrews,+441334463800,http://www.st-andrews.ac.uk/chemistry/,chemistry@st-andrews.ac.uk
10% on installation BC1298: Hyperdata MI,St Andrews,+441334463800,http://www.st-andrews.ac.uk/chemistry/,chemistry@st-andrews.ac.uk
VIP Ultra Low Temperature BC1290: Hyperd,St Andrews,+441334463800,http://www.st-andrews.ac.uk/chemistry/,chemistry@st-andrews.ac.uk
JLA 8.1000 Rotor AY x 2 BC1298: Hyperdat,St Andrews,+441334463800,http://www.st-andrews.ac.uk/chemistry/,chemistry@st-andrews.ac.uk
LAMBDA 35 UV/VIS SPECTROMETER CH1274: Hy,St Andrews,+441334463800,http://www.st-andrews.ac.uk/chemistry/,chemistry@st-andrews.ac.uk
Eppendorf Microinjection BM247: Hyperdat,St Andrews,+441334463401,http://www.st-andrews.ac.uk/bsrc/,bsrc-off@st-andrews.ac.uk
Tanderg portable 6000 codec BG78: Hyperd,St Andrews,+441334463446,http://www.smru.st-andrews.ac.uk,smru@st-andrews.ac.uk
SEQUENCE DETECTION,St Andrews,+441334463446,http://www.smru.st-andrews.ac.uk,smru@st-andrews.ac.uk
OPTICAL EQUIP,St Andrews,+441334463401,http://www.st-andrews.ac.uk/bsrc/,bsrc-off@st-andrews.ac.uk
GENERATORS,St Andrews,+441334463800,http://www.st-andrews.ac.uk/chemistry/,chemistry@st-andrews.ac.uk
FLOURESCENCE,St Andrews,+441334463800,http://www.st-andrews.ac.uk/chemistry/,chemistry@st-andrews.ac.uk
SQUID MAGNETOMETER,St Andrews,+441334463800,http://www.st-andrews.ac.uk/chemistry/,chemistry@st-andrews.ac.uk
SPECTROMETER,St Andrews,+441334463800,http://www.st-andrews.ac.uk/chemistry/,chemistry@st-andrews.ac.uk
ELECTRON BEAM,St Andrews,+441334463111,http://www.st-andrews.ac.uk/physics/,physics@st-andrews.ac.uk
SCANNER MICROSCOPE,St Andrews,+441334463111,http://www.st-andrews.ac.uk/physics/,physics@st-andrews.ac.uk
NEBULISER,St Andrews,+441334463800,http://www.st-andrews.ac.uk/chemistry/,chemistry@st-andrews.ac.uk
SPECTROGRAPH,St Andrews,+441334463111,http://www.st-andrews.ac.uk/physics/,physics@st-andrews.ac.uk
ELLIPSOMETER,St Andrews,+441334463111,http://www.st-andrews.ac.uk/physics/,physics@st-andrews.ac.uk
BLD ALTER LEVEL2,St Andrews,+441334463111,http://www.st-andrews.ac.uk/physics/,physics@st-andrews.ac.uk
PURDIE SOLIDS L2,St Andrews,+441334463800,http://www.st-andrews.ac.uk/chemistry/,chemistry@st-andrews.ac.uk
BLD ALTER LEVEL2,St Andrews,+441334463111,http://www.st-andrews.ac.uk/physics/,physics@st-andrews.ac.uk
NMR SPECTROMETER,St Andrews,+441334463800,http://www.st-andrews.ac.uk/chemistry/,chemistry@st-andrews.ac.uk
DIFFRACTOMETER,St Andrews,+441334463800,http://www.st-andrews.ac.uk/chemistry/,chemistry@st-andrews.ac.uk
IMAGE ANALYSER,St Andrews,+441334463800,http://www.st-andrews.ac.uk/chemistry/,chemistry@st-andrews.ac.uk
DLS FLOW,St Andrews,+441334463111,http://www.st-andrews.ac.uk/physics/,physics@st-andrews.ac.uk
17IN MONITOR,St Andrews,+441334463446,http://www.smru.st-andrews.ac.uk,smru@st-andrews.ac.uk
SPLIT GPT,St Andrews,+441334463446,http://www.smru.st-andrews.ac.uk,smru@st-andrews.ac.uk
FIBRE LASER,St Andrews,+441334463111,http://www.st-andrews.ac.uk/physics/,physics@st-andrews.ac.uk
DIGITAL NMR,St Andrews,+441334463800,http://www.st-andrews.ac.uk/chemistry/,chemistry@st-andrews.ac.uk
RACK INTERFACE,St Andrews,+441334462157,http://www.st-andrews.ac.uk/psychology/,psych@st-andrews.ac.uk
NMR SPECTROMETER,St Andrews,+441334463401,http://www.st-andrews.ac.uk/bsrc/,bsrc-off@st-andrews.ac.uk
DIFFRACTOMETER,St Andrews,+441334463800,http://www.st-andrews.ac.uk/chemistry/,chemistry@st-andrews.ac.uk
PHOTOMETER,St Andrews,+441334463446,http://www.smru.st-andrews.ac.uk,smru@st-andrews.ac.uk
EXT RAID BOX,St Andrews,+441334463800,http://www.st-andrews.ac.uk/chemistry/,chemistry@st-andrews.ac.uk
BLANKING UNIT,St Andrews,+441334463111,http://www.st-andrews.ac.uk/physics/,physics@st-andrews.ac.uk
UPG PHILLIPS DIFFRACT,St Andrews,+441334463800,http://www.st-andrews.ac.uk/chemistry/,chemistry@st-andrews.ac.uk
SEAWATER TANK,St Andrews,+441334463446,http://www.smru.st-andrews.ac.uk,smru@st-andrews.ac.uk
X-RAY DEFRACTION,St Andrews,+441334463401,http://www.st-andrews.ac.uk/bsrc/,bsrc-off@st-andrews.ac.uk
PUMP LASER,St Andrews,+441334463111,http://www.st-andrews.ac.uk/physics/,physics@st-andrews.ac.uk
TUNABLE BBO,St Andrews,+441334463800,http://www.st-andrews.ac.uk/chemistry/,chemistry@st-andrews.ac.uk
NETWORK CLUSTER,St Andrews,,http://creem2.st-andrews.ac.uk,
PROSTAR HPLC,St Andrews,+441334463446,http://www.smru.st-andrews.ac.uk,smru@st-andrews.ac.uk
PROSTAR HPLC,St Andrews,+441334463446,http://www.smru.st-andrews.ac.uk,smru@st-andrews.ac.uk
DEEP SEA CHAMBER,St Andrews,+441334463446,http://www.smru.st-andrews.ac.uk,smru@st-andrews.ac.uk
NETWORK CLUSTER,St Andrews,,http://creem2.st-andrews.ac.uk,
NETWORK CLUSTER,St Andrews,,http://creem2.st-andrews.ac.uk,
TEST EQUIP,St Andrews,+441334462157,http://www.st-andrews.ac.uk/psychology/,psych@st-andrews.ac.uk
TEST EQUIP,St Andrews,+441334462157,http://www.st-andrews.ac.uk/psychology/,psych@st-andrews.ac.uk
ML STAR AUTOLOAD,St Andrews,+441334463800,http://www.st-andrews.ac.uk/chemistry/,chemistry@st-andrews.ac.uk
DISCOVER MICROWAVE,St Andrews,+441334463800,http://www.st-andrews.ac.uk/chemistry/,chemistry@st-andrews.ac.uk
PINTOOL MINTRACK,St Andrews,+441334463401,http://www.st-andrews.ac.uk/bsrc/,bsrc-off@st-andrews.ac.uk
CLASS 2 ENCLOSURE,St Andrews,+441334463401,http://www.st-andrews.ac.uk/bsrc/,bsrc-off@st-andrews.ac.uk
SAFEFLOW CABINET,St Andrews,+441334463401,http://www.st-andrews.ac.uk/bsrc/,bsrc-off@st-andrews.ac.uk
X-RAY DIFFRACTION,St Andrews,+441334463401,http://www.st-andrews.ac.uk/bsrc/,bsrc-off@st-andrews.ac.uk
BENCHTOP MS,St Andrews,+441334463800,http://www.st-andrews.ac.uk/chemistry/,chemistry@st-andrews.ac.uk
NMR 300 CONSOLE,St Andrews,+441334463800,http://www.st-andrews.ac.uk/chemistry/,chemistry@st-andrews.ac.uk
ESM I PLUS,St Andrews,+441334463446,http://www.smru.st-andrews.ac.uk,smru@st-andrews.ac.uk
ISWAP INTERNAL PLATE,St Andrews,+441334463800,http://www.st-andrews.ac.uk/chemistry/,chemistry@st-andrews.ac.uk
MIDI TOWER,St Andrews,,http://creem2.st-andrews.ac.uk,
PROSTAR HPLC,St Andrews,+441334463800,http://www.st-andrews.ac.uk/chemistry/,chemistry@st-andrews.ac.uk
POWERWAVE XS,St Andrews,+441334463401,http://www.st-andrews.ac.uk/bsrc/,bsrc-off@st-andrews.ac.uk
QSTAR XL SYSTEM,St Andrews,+441334463401,http://www.st-andrews.ac.uk/bsrc/,bsrc-off@st-andrews.ac.uk
ENVISION MULTIABLE READER,St Andrews,+441334463401,http://www.st-andrews.ac.uk/bsrc/,bsrc-off@st-andrews.ac.uk
10W FIBRE LASER OPTICAL MODULE,St Andrews,+441334463111,http://www.st-andrews.ac.uk/physics/,physics@st-andrews.ac.uk
HELISTAT MHEZ 100,St Andrews,+441334463800,http://www.st-andrews.ac.uk/chemistry/,chemistry@st-andrews.ac.uk
Parr 50ml Micro reactor,St Andrews,+441334463800,http://www.st-andrews.ac.uk/chemistry/,chemistry@st-andrews.ac.uk
CAMBRIDGE MAGNETIC REFRIGERATION,St Andrews,+441334463111,http://www.st-andrews.ac.uk/physics/,physics@st-andrews.ac.uk
BENCHTOP TOF MS SYSTEM,St Andrews,+441334463800,http://www.st-andrews.ac.uk/chemistry/,chemistry@st-andrews.ac.uk
Computer software,St Andrews,+441334463800,http://www.st-andrews.ac.uk/chemistry/,chemistry@st-andrews.ac.uk
ADVANCE 300 NMR CONSOLE,St Andrews,+441334463800,http://www.st-andrews.ac.uk/chemistry/,chemistry@st-andrews.ac.uk
IPG PHOTONICS UK LIMITED,St Andrews,+441334463111,http://www.st-andrews.ac.uk/physics/,physics@st-andrews.ac.uk
x  CCD Spectrograph as per PA168: Hyperd,St Andrews,+441334463111,http://www.st-andrews.ac.uk/physics/,physics@st-andrews.ac.uk
U/W POWERCABLE,St Andrews,+441334463446,http://www.smru.st-andrews.ac.uk,smru@st-andrews.ac.uk
Proteam Ffe 230   F139001,St Andrews,+441334463800,http://www.st-andrews.ac.uk/chemistry/,chemistry@st-andrews.ac.uk
AKTAspress TM Chromatography,St Andrews,+441334463800,http://www.st-andrews.ac.uk/chemistry/,chemistry@st-andrews.ac.uk
Purdie level 2 ennoblement,St Andrews,+441334463800,http://www.st-andrews.ac.uk/chemistry/,chemistry@st-andrews.ac.uk
Flask Holder Akta express system,St Andrews,+441334463800,http://www.st-andrews.ac.uk/chemistry/,chemistry@st-andrews.ac.uk
TE2000-U microscope,St Andrews,+441334463111,http://www.st-andrews.ac.uk/physics/,physics@st-andrews.ac.uk
CAMERAPORT+SCOPE,St Andrews,+441334463446,http://www.smru.st-andrews.ac.uk,smru@st-andrews.ac.uk
PR CAMERA,St Andrews,+441334463446,http://www.smru.st-andrews.ac.uk,smru@st-andrews.ac.uk
WITEC ALPHA SNOM,St Andrews,+441334463111,http://www.st-andrews.ac.uk/physics/,physics@st-andrews.ac.uk
Video spectroscopy software Pha - 4 Pico,St Andrews,+441334463111,http://www.st-andrews.ac.uk/physics/,physics@st-andrews.ac.uk
Topas white laser,St Andrews,+441334463111,http://www.st-andrews.ac.uk/physics/,physics@st-andrews.ac.uk
X-RAY DIFFRACTION,St Andrews,+441334463401,http://www.st-andrews.ac.uk/bsrc/,bsrc-off@st-andrews.ac.uk
TRIAX SPECTROMETER,St Andrews,+441334461851,http://medicine.st-andrews.ac.uk,medicine@st-andrews.ac.uk
wavemaster,St Andrews,+441334463111,http://www.st-andrews.ac.uk/physics/,physics@st-andrews.ac.uk
Femosecond laser,St Andrews,+441334463111,http://www.st-andrews.ac.uk/physics/,physics@st-andrews.ac.uk
LIQ NIT TANK,St Andrews,+441334463111,http://www.st-andrews.ac.uk/physics/,physics@st-andrews.ac.uk
Vacuum Insulated Pipeline,St Andrews,+441334463111,http://www.st-andrews.ac.uk/physics/,physics@st-andrews.ac.uk
hardware,St Andrews,+441334462157,http://www.st-andrews.ac.uk/psychology/,psych@st-andrews.ac.uk
Cary Eclipse Fluorescence,St Andrews,+441334463401,http://www.st-andrews.ac.uk/bsrc/,bsrc-off@st-andrews.ac.uk
MAC 570 BOAT,St Andrews,+441334463446,http://www.smru.st-andrews.ac.uk,smru@st-andrews.ac.uk
Microscope system Axioskop,St Andrews,+441334463446,http://www.smru.st-andrews.ac.uk,smru@st-andrews.ac.uk
2 pod high res face capture system 50 %,St Andrews,+441334462157,http://www.st-andrews.ac.uk/psychology/,psych@st-andrews.ac.uk
2 pod high res face capture system 50 %,St Andrews,+441334463253,http://www.cs.st-andrews.ac.uk,admin-cs@st-andrews.ac.uk
AKTA system,St Andrews,+441334463800,http://www.st-andrews.ac.uk/chemistry/,chemistry@st-andrews.ac.uk
PicoSPM scanning tunnelling microscope,St Andrews,+441334463800,http://www.st-andrews.ac.uk/chemistry/,chemistry@st-andrews.ac.uk
Leica TCS SP2_UV405 spectral confocal,St Andrews,+441334463446,http://www.smru.st-andrews.ac.uk,smru@st-andrews.ac.uk
Leica TCS SP2_UV405 spectral confocal,St Andrews,+441334463446,http://www.smru.st-andrews.ac.uk,smru@st-andrews.ac.uk
Helium liquifier,St Andrews,+441334463111,http://www.st-andrews.ac.uk/physics/,physics@st-andrews.ac.uk
3 wooden drums,St Andrews,+441334463446,http://www.smru.st-andrews.ac.uk,smru@st-andrews.ac.uk
infrared spectrometer,St Andrews,+441334463800,http://www.st-andrews.ac.uk/chemistry/,chemistry@st-andrews.ac.uk
X-ray diffraction,St Andrews,+441334463800,http://www.st-andrews.ac.uk/chemistry/,chemistry@st-andrews.ac.uk
Leica Confocal System,St Andrews,+441334463401,http://www.st-andrews.ac.uk/bsrc/,bsrc-off@st-andrews.ac.uk
ISUZU SY02 WNR,St Andrews,+441334463446,http://www.smru.st-andrews.ac.uk,smru@st-andrews.ac.uk
network GC system etc,St Andrews,+441334463800,http://www.st-andrews.ac.uk/chemistry/,chemistry@st-andrews.ac.uk
2 Aktaxpress modules,St Andrews,+441334463800,http://www.st-andrews.ac.uk/chemistry/,chemistry@st-andrews.ac.uk
Spectrum analyser,St Andrews,+441334463111,http://www.st-andrews.ac.uk/physics/,physics@st-andrews.ac.uk
ettan 2D electrophoresis,St Andrews,+441334463401,http://www.st-andrews.ac.uk/bsrc/,bsrc-off@st-andrews.ac.uk
prostar,St Andrews,+441334463800,http://www.st-andrews.ac.uk/chemistry/,chemistry@st-andrews.ac.uk
AV supply for soc immersn room,St Andrews,+441334462157,http://www.st-andrews.ac.uk/psychology/,psych@st-andrews.ac.uk
Surelite,St Andrews,+441334463111,http://www.st-andrews.ac.uk/physics/,physics@st-andrews.ac.uk
Reactarry Oem Product Bundle,St Andrews,+441334463401,http://www.st-andrews.ac.uk/bsrc/,bsrc-off@st-andrews.ac.uk
Control Software,St Andrews,+441334463401,http://www.st-andrews.ac.uk/bsrc/,bsrc-off@st-andrews.ac.uk
Installation of cold rooms,St Andrews,+441334462894,http://www.st-andrews.ac.uk/gg/,gg@st-andrews.ac.uk
analytical instrumentation,St Andrews,+441334463800,http://www.st-andrews.ac.uk/chemistry/,chemistry@st-andrews.ac.uk
spectropolarimeter,St Andrews,+441334463401,http://www.st-andrews.ac.uk/bsrc/,bsrc-off@st-andrews.ac.uk
lab equipment,St Andrews,+441334463111,http://www.st-andrews.ac.uk/physics/,physics@st-andrews.ac.uk
Tobii eye tracker,St Andrews,+441334462157,http://www.st-andrews.ac.uk/psychology/,psych@st-andrews.ac.uk
Mira 9000D V5 XW OPT 220v,St Andrews,+441334463111,http://www.st-andrews.ac.uk/physics/,physics@st-andrews.ac.uk
Verdi V5 laser,St Andrews,+441334463111,http://www.st-andrews.ac.uk/physics/,physics@st-andrews.ac.uk
Initiator assy EU EXP,St Andrews,+441334463800,http://www.st-andrews.ac.uk/chemistry/,chemistry@st-andrews.ac.uk
mini TV cable,St Andrews,+441334463446,http://www.smru.st-andrews.ac.uk,smru@st-andrews.ac.uk
Data loggers,St Andrews,+441334463446,http://www.smru.st-andrews.ac.uk,smru@st-andrews.ac.uk
0,St Andrews,+441334463111,http://www.st-andrews.ac.uk/physics/,physics@st-andrews.ac.uk
CO2 Pump with gas cyl adaptor,St Andrews,+441334463800,http://www.st-andrews.ac.uk/chemistry/,chemistry@st-andrews.ac.uk
Pulsed laser diode and nanoled controlle,St Andrews,+441334463111,http://www.st-andrews.ac.uk/physics/,physics@st-andrews.ac.uk
Bolometer detector system,St Andrews,+441334463111,http://www.st-andrews.ac.uk/physics/,physics@st-andrews.ac.uk
Extended interaction Klystron,St Andrews,+441334463111,http://www.st-andrews.ac.uk/physics/,physics@st-andrews.ac.uk
Probot high resoln,St Andrews,+441334463401,http://www.st-andrews.ac.uk/bsrc/,bsrc-off@st-andrews.ac.uk
Mirrors & Grids,St Andrews,+441334463111,http://www.st-andrews.ac.uk/physics/,physics@st-andrews.ac.uk
Computer equipment-TPOD's,St Andrews,+441334463446,http://www.smru.st-andrews.ac.uk,smru@st-andrews.ac.uk
Fixed Asset Additions P12,St Andrews,+441334462157,http://www.st-andrews.ac.uk/psychology/,psych@st-andrews.ac.uk
FIXED ASSET ADDITION CORRECTION P12,St Andrews,+441334463446,http://www.smru.st-andrews.ac.uk,smru@st-andrews.ac.uk
CAPITAL SUSPENSE TRANSFERS P12,St Andrews,+441334463111,http://www.st-andrews.ac.uk/physics/,physics@st-andrews.ac.uk
CAPITAL SUSPENSE TRANSFERS P12,St Andrews,+441334463111,http://www.st-andrews.ac.uk/physics/,physics@st-andrews.ac.uk
CAPITAL SUSPENSE TRANSFERS P12,St Andrews,+441334463800,http://www.st-andrews.ac.uk/chemistry/,chemistry@st-andrews.ac.uk
Agilenttech Laser,St Andrews,+441334463111,http://www.st-andrews.ac.uk/physics/,physics@st-andrews.ac.uk
Lab Reactor +100ml HP,St Andrews,+441334463800,http://www.st-andrews.ac.uk/chemistry/,chemistry@st-andrews.ac.uk
Femtosource FS400 Rainbow Laser,St Andrews,+441334463111,http://www.st-andrews.ac.uk/physics/,physics@st-andrews.ac.uk
Verdi V6 Laser,St Andrews,+441334463111,http://www.st-andrews.ac.uk/physics/,physics@st-andrews.ac.uk
Gilson 215Semi-Prep LC,St Andrews,+441334463800,http://www.st-andrews.ac.uk/chemistry/,chemistry@st-andrews.ac.uk
ES580 1016Microwave Pluse Unit,St Andrews,+441334463111,http://www.st-andrews.ac.uk/physics/,physics@st-andrews.ac.uk
500D Syringe Pump,St Andrews,+441334463800,http://www.st-andrews.ac.uk/chemistry/,chemistry@st-andrews.ac.uk
Disposal:Correct Addition Date,St Andrews,+441334463111,http://www.st-andrews.ac.uk/physics/,physics@st-andrews.ac.uk
Tfrs to FAR from Cap Sus P3,St Andrews,+441334463800,http://www.st-andrews.ac.uk/chemistry/,chemistry@st-andrews.ac.uk
LAMBDA950 Spectrophotometer,St Andrews,+441334463111,http://www.st-andrews.ac.uk/physics/,physics@st-andrews.ac.uk
Troublesh HR Mono DigiCamera,St Andrews,+441334463111,http://www.st-andrews.ac.uk/physics/,physics@st-andrews.ac.uk
Liq N cooled CCD Detector,St Andrews,+441334463111,http://www.st-andrews.ac.uk/physics/,physics@st-andrews.ac.uk
20 DellPoweredge1950,St Andrews,+441334463800,http://www.st-andrews.ac.uk/chemistry/,chemistry@st-andrews.ac.uk
Super Computer PARK,St Andrews,,http://creem2.st-andrews.ac.uk,
Super Computer XGLR40,St Andrews,+441334463446,http://www.smru.st-andrews.ac.uk,smru@st-andrews.ac.uk
ASAP 2020 Micropore,St Andrews,+441334463800,http://www.st-andrews.ac.uk/chemistry/,chemistry@st-andrews.ac.uk
SkinSpan SpecFluMeter,St Andrews,+441334463111,http://www.st-andrews.ac.uk/physics/,physics@st-andrews.ac.uk
WS7 Wavelength Meter,St Andrews,+441334463111,http://www.st-andrews.ac.uk/physics/,physics@st-andrews.ac.uk
2* Custom epi-structure,St Andrews,+441334463111,http://www.st-andrews.ac.uk/physics/,physics@st-andrews.ac.uk
Autocorrelator Pulsecheck 15ps,St Andrews,+441334463111,http://www.st-andrews.ac.uk/physics/,physics@st-andrews.ac.uk
Power Amplifier 250A250A,St Andrews,+441334463111,http://www.st-andrews.ac.uk/physics/,physics@st-andrews.ac.uk
12 * X2100 Model 1214 Servers,St Andrews,+441334463253,http://www.cs.st-andrews.ac.uk,admin-cs@st-andrews.ac.uk
2 * Sun fire X4500 x64 server,St Andrews,+441334463253,http://www.cs.st-andrews.ac.uk,admin-cs@st-andrews.ac.uk
Trace DSQ Gas Chrom Mass Spectrometer,St Andrews,+441334463800,http://www.st-andrews.ac.uk/chemistry/,chemistry@st-andrews.ac.uk
Cap Sus X-Ray,St Andrews,+441334463800,http://www.st-andrews.ac.uk/chemistry/,chemistry@st-andrews.ac.uk
Pyrocam 3,St Andrews,+441334463111,http://www.st-andrews.ac.uk/physics/,physics@st-andrews.ac.uk
iXON EM Camera,St Andrews,+441334463111,http://www.st-andrews.ac.uk/physics/,physics@st-andrews.ac.uk
High Pressure Equip,St Andrews,+441334463800,http://www.st-andrews.ac.uk/chemistry/,chemistry@st-andrews.ac.uk
sc450 Optical Supercontinium,St Andrews,+441334463111,http://www.st-andrews.ac.uk/physics/,physics@st-andrews.ac.uk
HEO1080 Developer Kit,St Andrews,+441334463111,http://www.st-andrews.ac.uk/physics/,physics@st-andrews.ac.uk
MD1000s 3Computers,St Andrews,+441334463800,http://www.st-andrews.ac.uk/chemistry/,chemistry@st-andrews.ac.uk
10 Dell Poweredge 1955Blade,St Andrews,+441334463800,http://www.st-andrews.ac.uk/chemistry/,chemistry@st-andrews.ac.uk
3MD 1000 Computers,St Andrews,+441334463800,http://www.st-andrews.ac.uk/chemistry/,chemistry@st-andrews.ac.uk
SONAR Software Upgrade 3yrs,St Andrews,+441334463446,http://www.smru.st-andrews.ac.uk,smru@st-andrews.ac.uk
4800 Madi Mass Spectrom,St Andrews,+441334463401,http://www.st-andrews.ac.uk/bsrc/,bsrc-off@st-andrews.ac.uk
Dionex3000 NanoLC,St Andrews,+441334463401,http://www.st-andrews.ac.uk/bsrc/,bsrc-off@st-andrews.ac.uk
3000Agilent Gas Chrom,St Andrews,+441334463800,http://www.st-andrews.ac.uk/chemistry/,chemistry@st-andrews.ac.uk
Confocal Laser Microscope,St Andrews,+441334463401,http://www.st-andrews.ac.uk/bsrc/,bsrc-off@st-andrews.ac.uk
EastChem Cluster,St Andrews,+441334463800,http://www.st-andrews.ac.uk/chemistry/,chemistry@st-andrews.ac.uk
EastChem Cluster,St Andrews,+441334463800,http://www.st-andrews.ac.uk/chemistry/,chemistry@st-andrews.ac.uk
EastChem Cluster,St Andrews,+441334463800,http://www.st-andrews.ac.uk/chemistry/,chemistry@st-andrews.ac.uk
EastChem Cluster,St Andrews,+441334463800,http://www.st-andrews.ac.uk/chemistry/,chemistry@st-andrews.ac.uk
EastChem Cluster,St Andrews,+441334463800,http://www.st-andrews.ac.uk/chemistry/,chemistry@st-andrews.ac.uk
HE11 Spectrometer,St Andrews,+441334463111,http://www.st-andrews.ac.uk/physics/,physics@st-andrews.ac.uk
LV100D Microscope,St Andrews,+441334463111,http://www.st-andrews.ac.uk/physics/,physics@st-andrews.ac.uk
Towed Ceatacean Monitor Equip,St Andrews,+441334463446,http://www.smru.st-andrews.ac.uk,smru@st-andrews.ac.uk
Whole Cell Patch Clamp System,St Andrews,+441334463446,http://www.smru.st-andrews.ac.uk,smru@st-andrews.ac.uk
Saturn724 CCD Detector,St Andrews,+441334463800,http://www.st-andrews.ac.uk/chemistry/,chemistry@st-andrews.ac.uk
2 AKTA Purifiers,St Andrews,+441334463800,http://www.st-andrews.ac.uk/chemistry/,chemistry@st-andrews.ac.uk
Quasi Optical System,St Andrews,+441334463111,http://www.st-andrews.ac.uk/physics/,physics@st-andrews.ac.uk
Micro Inject System,St Andrews,+441334463401,http://www.st-andrews.ac.uk/bsrc/,bsrc-off@st-andrews.ac.uk
TE2000 Inverted Microscope,St Andrews,+441334463111,http://www.st-andrews.ac.uk/physics/,physics@st-andrews.ac.uk
Judson Iodium Detector,St Andrews,+441334463111,http://www.st-andrews.ac.uk/physics/,physics@st-andrews.ac.uk
CP/MAS Bore Probe,St Andrews,+441334463800,http://www.st-andrews.ac.uk/chemistry/,chemistry@st-andrews.ac.uk
Active Multipler QQM,St Andrews,+441334463111,http://www.st-andrews.ac.uk/physics/,physics@st-andrews.ac.uk
S4000 Battery Test System,St Andrews,+441334463800,http://www.st-andrews.ac.uk/chemistry/,chemistry@st-andrews.ac.uk
248 Printing Machine,St Andrews,+441334463800,http://www.st-andrews.ac.uk/chemistry/,chemistry@st-andrews.ac.uk
Innova 43R Regrif Shaker,St Andrews,+441334463111,http://www.st-andrews.ac.uk/physics/,physics@st-andrews.ac.uk
4294A Precision Imped Analyser,St Andrews,+441334463800,http://www.st-andrews.ac.uk/chemistry/,chemistry@st-andrews.ac.uk
ED-AMP Lase Detector,St Andrews,+441334463111,http://www.st-andrews.ac.uk/physics/,physics@st-andrews.ac.uk
IQ5 PCR System,St Andrews,+441334463446,http://www.smru.st-andrews.ac.uk,smru@st-andrews.ac.uk
AKTA Purifier UCD100,St Andrews,+441334463401,http://www.st-andrews.ac.uk/bsrc/,bsrc-off@st-andrews.ac.uk
AKTA Purifier UCD100,St Andrews,+441334463401,http://www.st-andrews.ac.uk/bsrc/,bsrc-off@st-andrews.ac.uk
AKTA Purifier UCD100,St Andrews,+441334463401,http://www.st-andrews.ac.uk/bsrc/,bsrc-off@st-andrews.ac.uk
Nitric Oxide Anaylser,St Andrews,+441334463800,http://www.st-andrews.ac.uk/chemistry/,chemistry@st-andrews.ac.uk
Dual Port Flux,St Andrews,+441334463401,http://www.st-andrews.ac.uk/bsrc/,bsrc-off@st-andrews.ac.uk
Stirred Reactor,St Andrews,+441334463800,http://www.st-andrews.ac.uk/chemistry/,chemistry@st-andrews.ac.uk
Piezo Voltage Unit,St Andrews,+441334463800,http://www.st-andrews.ac.uk/chemistry/,chemistry@st-andrews.ac.uk
Fixed Asset Additions,St Andrews,+441334463446,http://www.smru.st-andrews.ac.uk,smru@st-andrews.ac.uk
Fixed Asset Additions,St Andrews,+441334463800,http://www.st-andrews.ac.uk/chemistry/,chemistry@st-andrews.ac.uk
10K Cryosooler,St Andrews,+441334463800,http://www.st-andrews.ac.uk/chemistry/,chemistry@st-andrews.ac.uk
Microscope Spectronic,St Andrews,+441334463111,http://www.st-andrews.ac.uk/physics/,physics@st-andrews.ac.uk
Flow Cryostat ST402,St Andrews,+441334463111,http://www.st-andrews.ac.uk/physics/,physics@st-andrews.ac.uk
FB Precision Manipulator,St Andrews,+441334463111,http://www.st-andrews.ac.uk/physics/,physics@st-andrews.ac.uk
SHG Unit for MIRA900,St Andrews,+441334463111,http://www.st-andrews.ac.uk/physics/,physics@st-andrews.ac.uk
Verdi V10 Laser 10W,St Andrews,+441334463111,http://www.st-andrews.ac.uk/physics/,physics@st-andrews.ac.uk
Alrad Camera System,St Andrews,,http://creem2.st-andrews.ac.uk,
LCOS Spatial Light Modulator,St Andrews,+441334463111,http://www.st-andrews.ac.uk/physics/,physics@st-andrews.ac.uk
Surelite NdYAG Laser System,St Andrews,+441334463401,http://www.st-andrews.ac.uk/bsrc/,bsrc-off@st-andrews.ac.uk
Akta Purifier UPC100,St Andrews,+441334463800,http://www.st-andrews.ac.uk/chemistry/,chemistry@st-andrews.ac.uk
Honeybee 963,St Andrews,+441334463800,http://www.st-andrews.ac.uk/chemistry/,chemistry@st-andrews.ac.uk
Volkswagan Van SD08DXF,St Andrews,+441334463446,http://www.smru.st-andrews.ac.uk,smru@st-andrews.ac.uk
Gas analyser 180C,St Andrews,+441334463800,http://www.st-andrews.ac.uk/chemistry/,chemistry@st-andrews.ac.uk
Hitachi S4800 SEM,St Andrews,+441334463111,http://www.st-andrews.ac.uk/physics/,physics@st-andrews.ac.uk
Hitachi S4800 SEM,St Andrews,+441334463111,http://www.st-andrews.ac.uk/physics/,physics@st-andrews.ac.uk
Hitachi S4800 SEM,St Andrews,+441334463111,http://www.st-andrews.ac.uk/physics/,physics@st-andrews.ac.uk
Hitachi S4800 SEM,St Andrews,+441334463111,http://www.st-andrews.ac.uk/physics/,physics@st-andrews.ac.uk
Hitachi S4800 SEM,St Andrews,+441334463111,http://www.st-andrews.ac.uk/physics/,physics@st-andrews.ac.uk
SCISS Spectrometer,St Andrews,+441334463111,http://www.st-andrews.ac.uk/physics/,physics@st-andrews.ac.uk
2 VMP3 Multi-Channel Potentiostat,St Andrews,+441334463800,http://www.st-andrews.ac.uk/chemistry/,chemistry@st-andrews.ac.uk
AVANCE III WD,St Andrews,+441334463800,http://www.st-andrews.ac.uk/chemistry/,chemistry@st-andrews.ac.uk
Scanning Probe Microscope,St Andrews,+441334463111,http://www.st-andrews.ac.uk/physics/,physics@st-andrews.ac.uk
Cas Circulation System,St Andrews,+441334463800,http://www.st-andrews.ac.uk/chemistry/,chemistry@st-andrews.ac.uk
Microscope Detection System,St Andrews,+441334463111,http://www.st-andrews.ac.uk/physics/,physics@st-andrews.ac.uk
Triple Multitron,St Andrews,+441334463800,http://www.st-andrews.ac.uk/chemistry/,chemistry@st-andrews.ac.uk
Stop Flow Module System,St Andrews,+441334463401,http://www.st-andrews.ac.uk/bsrc/,bsrc-off@st-andrews.ac.uk
Microscope Multiclamp,St Andrews,+441334463446,http://www.smru.st-andrews.ac.uk,smru@st-andrews.ac.uk
IviumStat Software,St Andrews,+441334463800,http://www.st-andrews.ac.uk/chemistry/,chemistry@st-andrews.ac.uk
18kHz EK60SpiltBeam GPT,St Andrews,+441334463446,http://www.smru.st-andrews.ac.uk,smru@st-andrews.ac.uk
MIIPS Detection System,St Andrews,+441334463111,http://www.st-andrews.ac.uk/physics/,physics@st-andrews.ac.uk
Pinnacle 5KW DC Supply,St Andrews,+441334463111,http://www.st-andrews.ac.uk/physics/,physics@st-andrews.ac.uk
MIRA 900F Laser System,St Andrews,+441334463111,http://www.st-andrews.ac.uk/physics/,physics@st-andrews.ac.uk
Catwork Software System,St Andrews,+441334462157,http://www.st-andrews.ac.uk/psychology/,psych@st-andrews.ac.uk
Disposal:xerc03,St Andrews,+441334463800,http://www.st-andrews.ac.uk/chemistry/,chemistry@st-andrews.ac.uk
Rhombix 2.0 software,St Andrews,+441334463800,http://www.st-andrews.ac.uk/chemistry/,chemistry@st-andrews.ac.uk
RS2000 Optical Table,St Andrews,+441334463111,http://www.st-andrews.ac.uk/physics/,physics@st-andrews.ac.uk
Optical Table M-RS2000,St Andrews,+441334463111,http://www.st-andrews.ac.uk/physics/,physics@st-andrews.ac.uk
Cryogenic K25 Freezing System,St Andrews,+441334463111,http://www.st-andrews.ac.uk/physics/,physics@st-andrews.ac.uk
VG ProLab System,St Andrews,+441334463800,http://www.st-andrews.ac.uk/chemistry/,chemistry@st-andrews.ac.uk
MAxes Magnet System,St Andrews,+441334463111,http://www.st-andrews.ac.uk/physics/,physics@st-andrews.ac.uk
780 Laser System,St Andrews,+441334463111,http://www.st-andrews.ac.uk/physics/,physics@st-andrews.ac.uk
Maxes Magnet System,St Andrews,+441334463111,http://www.st-andrews.ac.uk/physics/,physics@st-andrews.ac.uk
LCOS Spatial Light Modulator,St Andrews,+441334463111,http://www.st-andrews.ac.uk/physics/,physics@st-andrews.ac.uk
2x Objective C63X/1.2,St Andrews,+441334463111,http://www.st-andrews.ac.uk/physics/,physics@st-andrews.ac.uk
Achromatic Laser Equipment,St Andrews,+441334463111,http://www.st-andrews.ac.uk/physics/,physics@st-andrews.ac.uk
Glovebox Workstation,St Andrews,+441334463800,http://www.st-andrews.ac.uk/chemistry/,chemistry@st-andrews.ac.uk
LCOS SLM Spot Laser,St Andrews,+441334463111,http://www.st-andrews.ac.uk/physics/,physics@st-andrews.ac.uk
Deep Depletion Camera,St Andrews,+441334463111,http://www.st-andrews.ac.uk/physics/,physics@st-andrews.ac.uk
Verdi V6 DPSS Laser System,St Andrews,+441334463111,http://www.st-andrews.ac.uk/physics/,physics@st-andrews.ac.uk
FluoroSens PMT,St Andrews,+441334463111,http://www.st-andrews.ac.uk/physics/,physics@st-andrews.ac.uk
1470 Celltest System,St Andrews,+441334463800,http://www.st-andrews.ac.uk/chemistry/,chemistry@st-andrews.ac.uk
Mx3005P QPCR Realt,St Andrews,+441334461851,http://medicine.st-andrews.ac.uk,medicine@st-andrews.ac.uk
Single Tilt Vaccum Holder,St Andrews,+441334463800,http://www.st-andrews.ac.uk/chemistry/,chemistry@st-andrews.ac.uk
Electrophysiology Rig,St Andrews,+441334463446,http://www.smru.st-andrews.ac.uk,smru@st-andrews.ac.uk
Malvern 2000 optic bench,St Andrews,+441334463800,http://www.st-andrews.ac.uk/chemistry/,chemistry@st-andrews.ac.uk
LCR Meter analysis node,St Andrews,+441334463800,http://www.st-andrews.ac.uk/chemistry/,chemistry@st-andrews.ac.uk
Box and Gas system,St Andrews,+441334463800,http://www.st-andrews.ac.uk/chemistry/,chemistry@st-andrews.ac.uk
Nicolet 6700 Spectrometer,St Andrews,+441334463800,http://www.st-andrews.ac.uk/chemistry/,chemistry@st-andrews.ac.uk
CFX96 Optical Reaction Module,St Andrews,+441334463401,http://www.st-andrews.ac.uk/bsrc/,bsrc-off@st-andrews.ac.uk
Ultra-broadband Achromatic,St Andrews,+441334463111,http://www.st-andrews.ac.uk/physics/,physics@st-andrews.ac.uk
DL 100 Isolator,St Andrews,+441334463111,http://www.st-andrews.ac.uk/physics/,physics@st-andrews.ac.uk
HEO 1080 Panel HDTV,St Andrews,+441334463111,http://www.st-andrews.ac.uk/physics/,physics@st-andrews.ac.uk
Swamp Optics Software,St Andrews,+441334463111,http://www.st-andrews.ac.uk/physics/,physics@st-andrews.ac.uk
DD Mewton Camera,St Andrews,+441334463111,http://www.st-andrews.ac.uk/physics/,physics@st-andrews.ac.uk
EU equipment,St Andrews,+441334463111,http://www.st-andrews.ac.uk/physics/,physics@st-andrews.ac.uk
EU equipment,St Andrews,+441334463111,http://www.st-andrews.ac.uk/physics/,physics@st-andrews.ac.uk
EU equipment,St Andrews,+441334463253,http://www.cs.st-andrews.ac.uk,admin-cs@st-andrews.ac.uk
MAS Prob AVIII 601,St Andrews,+441334463800,http://www.st-andrews.ac.uk/chemistry/,chemistry@st-andrews.ac.uk
Nicolet 6770 FT-IR,St Andrews,+441334463800,http://www.st-andrews.ac.uk/chemistry/,chemistry@st-andrews.ac.uk
Xenopus Tank Stand,St Andrews,+441334463446,http://www.smru.st-andrews.ac.uk,smru@st-andrews.ac.uk
Tecan M200 Micro reader System,St Andrews,+441334463401,http://www.st-andrews.ac.uk/bsrc/,bsrc-off@st-andrews.ac.uk
1-2LDplus freeze dryer,St Andrews,+441334463800,http://www.st-andrews.ac.uk/chemistry/,chemistry@st-andrews.ac.uk
1-2LDplus freeze dryer,St Andrews,+441334463800,http://www.st-andrews.ac.uk/chemistry/,chemistry@st-andrews.ac.uk
Tunable Diode Laser 100,St Andrews,+441334463111,http://www.st-andrews.ac.uk/physics/,physics@st-andrews.ac.uk
IXON Camera System,St Andrews,+441334463401,http://www.st-andrews.ac.uk/bsrc/,bsrc-off@st-andrews.ac.uk
"Laser Scanner - Typhoon FLA 70000",St Andrews,+441334463401,http://www.st-andrews.ac.uk/bsrc/,bsrc-off@st-andrews.ac.uk
Zetasizer Nano ZS,St Andrews,+441334463111,http://www.st-andrews.ac.uk/physics/,physics@st-andrews.ac.uk
OLED Quantum Yield System,St Andrews,+441334463111,http://www.st-andrews.ac.uk/physics/,physics@st-andrews.ac.uk
Connection Board HV module,St Andrews,+441334463800,http://www.st-andrews.ac.uk/chemistry/,chemistry@st-andrews.ac.uk
Maths Super Computer,St Andrews,,http://creem2.st-andrews.ac.uk,
IPD340 Camera System,St Andrews,+441334462894,http://www.st-andrews.ac.uk/gg/,gg@st-andrews.ac.uk
Minispec System,St Andrews,+441334463800,http://www.st-andrews.ac.uk/chemistry/,chemistry@st-andrews.ac.uk
Slice Scope Pro300,St Andrews,+441334463401,http://www.st-andrews.ac.uk/bsrc/,bsrc-off@st-andrews.ac.uk
Prolab Configuration System,St Andrews,+441334463800,http://www.st-andrews.ac.uk/chemistry/,chemistry@st-andrews.ac.uk
Newton Camera,St Andrews,+441334463111,http://www.st-andrews.ac.uk/physics/,physics@st-andrews.ac.uk
LP200 Nanopositioning system,St Andrews,+441334463111,http://www.st-andrews.ac.uk/physics/,physics@st-andrews.ac.uk
Addition to Fluggaboat,St Andrews,+441334463446,http://www.smru.st-andrews.ac.uk,smru@st-andrews.ac.uk
Single Tilt Holder,St Andrews,+441334463800,http://www.st-andrews.ac.uk/chemistry/,chemistry@st-andrews.ac.uk
High Speed Oscilloscope,St Andrews,+441334463111,http://www.st-andrews.ac.uk/physics/,physics@st-andrews.ac.uk
Field Emission Scanning Electron Microsc,St Andrews,+441334463800,http://www.st-andrews.ac.uk/chemistry/,chemistry@st-andrews.ac.uk
DU920P Newton Camera,St Andrews,+441334463111,http://www.st-andrews.ac.uk/physics/,physics@st-andrews.ac.uk
Spectrometer - elexsys x-band epr,St Andrews,+441334463800,http://www.st-andrews.ac.uk/chemistry/,chemistry@st-andrews.ac.uk
Multimode SPM system,St Andrews,+441334463800,http://www.st-andrews.ac.uk/chemistry/,chemistry@st-andrews.ac.uk
Multimode SPM system,St Andrews,+441334463800,http://www.st-andrews.ac.uk/chemistry/,chemistry@st-andrews.ac.uk
Frequency counter -Total Cost,St Andrews,+441334463111,http://www.st-andrews.ac.uk/physics/,physics@st-andrews.ac.uk
Zetasizer micro,St Andrews,+441334463401,http://www.st-andrews.ac.uk/bsrc/,bsrc-off@st-andrews.ac.uk
Multimode SPM System,St Andrews,+441334463800,http://www.st-andrews.ac.uk/chemistry/,chemistry@st-andrews.ac.uk
Spectrometer elexsys x-band,St Andrews,+441334463401,http://www.st-andrews.ac.uk/bsrc/,bsrc-off@st-andrews.ac.uk
JV991145 LAMBDA 650S(150MM) WITH UV WINL,St Andrews,+441334462894,http://www.st-andrews.ac.uk/gg/,gg@st-andrews.ac.uk
JV995421 92-96GHz Amplifier / Multiplier,St Andrews,+441334463111,http://www.st-andrews.ac.uk/physics/,physics@st-andrews.ac.uk
JV994846 KM Labs Swift-10 Ultrafast Inte,St Andrews,+441334463111,http://www.st-andrews.ac.uk/physics/,physics@st-andrews.ac.uk
WATER CIRCULATOR,St Andrews,+441334463800,http://www.st-andrews.ac.uk/chemistry/,chemistry@st-andrews.ac.uk
TECAN INFINITE M200 PRO XGLV41,St Andrews,+441334463401,http://www.st-andrews.ac.uk/bsrc/,bsrc-off@st-andrews.ac.uk
SCANWELL 28379 BAKE OUTTENT XERC02,St Andrews,+441334463111,http://www.st-andrews.ac.uk/physics/,physics@st-andrews.ac.uk
LEICA 94760633 FIXED MICEOSCOPE EM FC7 X,St Andrews,+441334461851,http://medicine.st-andrews.ac.uk,medicine@st-andrews.ac.uk
GE HEALTHCARE 1911323 AKTAPURIFIER YMR01,St Andrews,+441334463401,http://www.st-andrews.ac.uk/bsrc/,bsrc-off@st-andrews.ac.uk
YEP042 FIELD EMISSION MICROSCOPE,St Andrews,+441334463800,http://www.st-andrews.ac.uk/chemistry/,chemistry@st-andrews.ac.uk
Jencons 5061689761 Shimadzu HPLC system,St Andrews,+441334463800,http://www.st-andrews.ac.uk/chemistry/,chemistry@st-andrews.ac.uk
Disposal:ERROR ON CAPITALISATION,St Andrews,+441334463401,http://www.st-andrews.ac.uk/bsrc/,bsrc-off@st-andrews.ac.uk
"""PT M06 141 110, Mass Spectrometer, Quot",St Andrews,+441334463111,http://www.st-andrews.ac.uk/physics/,physics@st-andrews.ac.uk
"""Shimadzu HPLC System c/w UV Detector (A",St Andrews,+441334463800,http://www.st-andrews.ac.uk/chemistry/,chemistry@st-andrews.ac.uk
AKTAPURIFIER BMS14194,St Andrews,+441334463401,http://www.st-andrews.ac.uk/bsrc/,bsrc-off@st-andrews.ac.uk
AKTAPURIFIER BMS14288,St Andrews,+441334463401,http://www.st-andrews.ac.uk/bsrc/,bsrc-off@st-andrews.ac.uk
AKTAPURIFIER BMS14195,St Andrews,+441334463401,http://www.st-andrews.ac.uk/bsrc/,bsrc-off@st-andrews.ac.uk
LEED PACKAGE PHA9972,St Andrews,+441334463111,http://www.st-andrews.ac.uk/physics/,physics@st-andrews.ac.uk
SPLIT MASS SPEC RE FUNDING,St Andrews,+441334463800,http://www.st-andrews.ac.uk/chemistry/,chemistry@st-andrews.ac.uk
scanwell xerc02,St Andrews,+441334463111,http://www.st-andrews.ac.uk/physics/,physics@st-andrews.ac.uk
research funded accela pump,St Andrews,+441334463800,http://www.st-andrews.ac.uk/chemistry/,chemistry@st-andrews.ac.uk
research funded crystal gryphon computer,St Andrews,+441334463800,http://www.st-andrews.ac.uk/chemistry/,chemistry@st-andrews.ac.uk
Inv 1859 -PHOTON-,St Andrews,+441334463111,http://www.st-andrews.ac.uk/physics/,physics@st-andrews.ac.uk
INV-001662 Brandel Harvester Non Interch,St Andrews,+441334462157,http://www.st-andrews.ac.uk/psychology/,psych@st-andrews.ac.uk
IJD500333 Land Rover Defender,St Andrews,+441334463446,http://www.smru.st-andrews.ac.uk,smru@st-andrews.ac.uk
48445 Computer Nodes,St Andrews,,http://creem2.st-andrews.ac.uk,
"All at a total Package Price of #50,857.",St Andrews,+441334463800,http://www.st-andrews.ac.uk/chemistry/,chemistry@st-andrews.ac.uk
Inv0178540 Hasselblad Camera Kit,St Andrews,+441334463446,http://www.smru.st-andrews.ac.uk,smru@st-andrews.ac.uk
6353 Cluster node processors,St Andrews,+441334463111,http://www.st-andrews.ac.uk/physics/,physics@st-andrews.ac.uk
397646/0379017 Spectrometer,St Andrews,+441334463800,http://www.st-andrews.ac.uk/chemistry/,chemistry@st-andrews.ac.uk
60435Optical gradient thermocycler,St Andrews,+441334463401,http://www.st-andrews.ac.uk/bsrc/,bsrc-off@st-andrews.ac.uk
Laserhead TEC,St Andrews,+441334463111,http://www.st-andrews.ac.uk/physics/,physics@st-andrews.ac.uk
52680 Rigaku,St Andrews,+441334463800,http://www.st-andrews.ac.uk/chemistry/,chemistry@st-andrews.ac.uk
INV24138 Laser head and driver,St Andrews,+441334463111,http://www.st-andrews.ac.uk/physics/,physics@st-andrews.ac.uk
D9_12110514 Inorganic Carbon Analyser,St Andrews,+441334462894,http://www.st-andrews.ac.uk/gg/,gg@st-andrews.ac.uk
GVRG033275 Modular glove-box workstation,St Andrews,+441334463800,http://www.st-andrews.ac.uk/chemistry/,chemistry@st-andrews.ac.uk
9115021580 Prolab system,St Andrews,+441334463800,http://www.st-andrews.ac.uk/chemistry/,chemistry@st-andrews.ac.uk
1922987 RI Laptop,St Andrews,+441334461851,http://medicine.st-andrews.ac.uk,medicine@st-andrews.ac.uk
252027 SPECTRAMAX,St Andrews,+441334463800,http://www.st-andrews.ac.uk/chemistry/,chemistry@st-andrews.ac.uk
1271949 Fixed Angle Rotor XEU058,St Andrews,+441334463800,http://www.st-andrews.ac.uk/chemistry/,chemistry@st-andrews.ac.uk
8105 Cobra Plus Non-LIquid System YEP086,St Andrews,+441334463800,http://www.st-andrews.ac.uk/chemistry/,chemistry@st-andrews.ac.uk
"5845 Basic 7T mini CFM, Integrated VTI ",St Andrews,+441334463111,http://www.st-andrews.ac.uk/physics/,physics@st-andrews.ac.uk
1028 Incucyte Zoom  Ancillary YBB051,St Andrews,+441334463401,http://www.st-andrews.ac.uk/bsrc/,bsrc-off@st-andrews.ac.uk
29181 Transystems Datalogger 747ProS_8MB,St Andrews,+441334462894,http://www.st-andrews.ac.uk/gg/,gg@st-andrews.ac.uk
1922987 RI Laptop,St Andrews,+441334461851,http://medicine.st-andrews.ac.uk,medicine@st-andrews.ac.uk
5140243322 Host Microscope,St Andrews,+441334463111,http://www.st-andrews.ac.uk/physics/,physics@st-andrews.ac.uk
24525610 Guava Equipment,St Andrews,+441334463800,http://www.st-andrews.ac.uk/chemistry/,chemistry@st-andrews.ac.uk
Illuminia Mi Seq Sequencer,St Andrews,+441334463800,http://www.st-andrews.ac.uk/chemistry/,chemistry@st-andrews.ac.uk
04319 Recycling Preparative HPLC,St Andrews,+441334463800,http://www.st-andrews.ac.uk/chemistry/,chemistry@st-andrews.ac.uk
50173 Blade Component,St Andrews,+441334463111,http://www.st-andrews.ac.uk/physics/,physics@st-andrews.ac.uk
11206 Seal Scarer,St Andrews,+441334463446,http://www.smru.st-andrews.ac.uk,smru@st-andrews.ac.uk
YEP173 P10 Capital Additions,St Andrews,+441334463800,http://www.st-andrews.ac.uk/chemistry/,chemistry@st-andrews.ac.uk
Power Amplifier P/N QPN-94043025-00,St Andrews,+441334463111,http://www.st-andrews.ac.uk/physics/,physics@st-andrews.ac.uk
Hyperflux U1-100012-001-1,St Andrews,+441334463111,http://www.st-andrews.ac.uk/physics/,physics@st-andrews.ac.uk
"1100 Degasser Quat Pump,Autosampler Oven",St Andrews,+441334463800,http://www.st-andrews.ac.uk/chemistry/,chemistry@st-andrews.ac.uk
250 Headmounted video-based eyetracker,St Andrews,+441334463253,http://www.cs.st-andrews.ac.uk,admin-cs@st-andrews.ac.uk
INV26047 BNS High Speed Spatial Light Mo,St Andrews,+441334463111,http://www.st-andrews.ac.uk/physics/,physics@st-andrews.ac.uk
Leica Microscope 95489569,St Andrews,+441334463800,http://www.st-andrews.ac.uk/chemistry/,chemistry@st-andrews.ac.uk
Leica MZ10 F Microscope 95503915,St Andrews,+441334463800,http://www.st-andrews.ac.uk/chemistry/,chemistry@st-andrews.ac.uk
YEP173 Rigaku Materials Characterisation,St Andrews,+441334463800,http://www.st-andrews.ac.uk/chemistry/,chemistry@st-andrews.ac.uk
Bio-Rad Fraction Collector with Inlet Va,St Andrews,+441334463800,http://www.st-andrews.ac.uk/chemistry/,chemistry@st-andrews.ac.uk
Bio-Rad Fraction Collector,St Andrews,+441334463800,http://www.st-andrews.ac.uk/chemistry/,chemistry@st-andrews.ac.uk
Infinity 1260 HPLC with VW Detector Fra,St Andrews,+441334463800,http://www.st-andrews.ac.uk/chemistry/,chemistry@st-andrews.ac.uk
Isotherm Titration Calorimeter 584000988,St Andrews,+441334463800,http://www.st-andrews.ac.uk/chemistry/,chemistry@st-andrews.ac.uk
SciMed Fixed Head Stirred Reacor System,St Andrews,+441334463800,http://www.st-andrews.ac.uk/chemistry/,chemistry@st-andrews.ac.uk
Top Stage Incubator Nikon 940078160,St Andrews,+441334463111,http://www.st-andrews.ac.uk/physics/,physics@st-andrews.ac.uk
FACSscan Becton Dickinson 140023827,St Andrews,+441334463800,http://www.st-andrews.ac.uk/chemistry/,chemistry@st-andrews.ac.uk
FACSscan Becton Dickinson 140023827,St Andrews,+441334463401,http://www.st-andrews.ac.uk/bsrc/,bsrc-off@st-andrews.ac.uk
Digital Oscilloscope RTO1004 4 Channels,St Andrews,+441334463111,http://www.st-andrews.ac.uk/physics/,physics@st-andrews.ac.uk
Nikon Microscope Inc BW Camera 940082065,St Andrews,+441334462894,http://www.st-andrews.ac.uk/gg/,gg@st-andrews.ac.uk
Tritech MicroINJECTOR System 14733,St Andrews,+441334463401,http://www.st-andrews.ac.uk/bsrc/,bsrc-off@st-andrews.ac.uk
AKTA Pure Package 584006174,St Andrews,+441334461851,http://medicine.st-andrews.ac.uk,medicine@st-andrews.ac.uk
Automatic Force Microscope 92063513,St Andrews,+441334463111,http://www.st-andrews.ac.uk/physics/,physics@st-andrews.ac.uk
NIL System 949,St Andrews,+441334463111,http://www.st-andrews.ac.uk/physics/,physics@st-andrews.ac.uk
PI Mars Nano Positioning System XEPE1,St Andrews,+441334463111,http://www.st-andrews.ac.uk/physics/,physics@st-andrews.ac.uk
PI Mars Nano Positioning System XEPE1,St Andrews,+441334463111,http://www.st-andrews.ac.uk/physics/,physics@st-andrews.ac.uk
Digital Micromirror ViaLUX,St Andrews,+441334463111,http://www.st-andrews.ac.uk/physics/,physics@st-andrews.ac.uk
XEPE01 Ultrafast laser NOPAS 896188,St Andrews,+441334463111,http://www.st-andrews.ac.uk/physics/,physics@st-andrews.ac.uk
Bench Top Centrifuge Constant Systems Lt,St Andrews,+441334463800,http://www.st-andrews.ac.uk/chemistry/,chemistry@st-andrews.ac.uk
NGC Quest 10Plus Chromatography System B,St Andrews,+441334463800,http://www.st-andrews.ac.uk/chemistry/,chemistry@st-andrews.ac.uk
Microwave Synthesizer CEM 27065,St Andrews,+441334463800,http://www.st-andrews.ac.uk/chemistry/,chemistry@st-andrews.ac.uk
AKTA Pure Package GE Healthcar 584009891,St Andrews,+441334463800,http://www.st-andrews.ac.uk/chemistry/,chemistry@st-andrews.ac.uk
Flash Chromatography System 228223,St Andrews,+441334463800,http://www.st-andrews.ac.uk/chemistry/,chemistry@st-andrews.ac.uk
Confocal Microscope XEPE01,St Andrews,+441334463111,http://www.st-andrews.ac.uk/physics/,physics@st-andrews.ac.uk
Sm - FF Micorscope XEPE01,St Andrews,+441334463111,http://www.st-andrews.ac.uk/physics/,physics@st-andrews.ac.uk
Avanti JXN-26 High 1308352,St Andrews,+441334463800,http://www.st-andrews.ac.uk/chemistry/,chemistry@st-andrews.ac.uk
YEP164 CCD Spectrograph from Andor,St Andrews,+441334463111,http://www.st-andrews.ac.uk/physics/,physics@st-andrews.ac.uk
Biotage SyroWave Peptide Synthesis230168,St Andrews,+441334463800,http://www.st-andrews.ac.uk/chemistry/,chemistry@st-andrews.ac.uk
Streak Camera Hamamatsu CD970018925,St Andrews,+441334463111,http://www.st-andrews.ac.uk/physics/,physics@st-andrews.ac.uk
PCR Genotyping Digital EPI Reader FDBV-0,St Andrews,+441334463446,http://www.smru.st-andrews.ac.uk,smru@st-andrews.ac.uk
High-sensitivity Prodogy Multi-nuclear C,St Andrews,+441334463800,http://www.st-andrews.ac.uk/chemistry/,chemistry@st-andrews.ac.uk
Bruker NMR Spectrometer 9030099,St Andrews,+441334463800,http://www.st-andrews.ac.uk/chemistry/,chemistry@st-andrews.ac.uk
Bruker NMR Spectrometer 9030099,St Andrews,+441334463800,http://www.st-andrews.ac.uk/chemistry/,chemistry@st-andrews.ac.uk
Electron Monochromator LK 1910,St Andrews,+441334463111,http://www.st-andrews.ac.uk/physics/,physics@st-andrews.ac.uk
Raith Electron Beam Lithography 248422,St Andrews,+441334463111,http://www.st-andrews.ac.uk/physics/,physics@st-andrews.ac.uk
Fluorescent Microscope 10018063,St Andrews,+441334463111,http://www.st-andrews.ac.uk/physics/,physics@st-andrews.ac.uk
LIbrary SafePod 1355,St Andrews,+441334462894,http://www.st-andrews.ac.uk/gg/,gg@st-andrews.ac.uk
Double low-gamma probe - Bruker,St Andrews,+441334463800,http://www.st-andrews.ac.uk/chemistry/,chemistry@st-andrews.ac.uk
1.9mm triple probe - Bruker,St Andrews,+441334463800,http://www.st-andrews.ac.uk/chemistry/,chemistry@st-andrews.ac.uk
Capacitor feedback Scientifica,St Andrews,+441334461851,http://medicine.st-andrews.ac.uk,medicine@st-andrews.ac.uk
SCIOS equipment capitalised,St Andrews,+441334463111,http://www.st-andrews.ac.uk/physics/,physics@st-andrews.ac.uk
Thermo Fisher Neptune Plus Bundle 2,St Andrews,+441334463940,http://earthsci.st-andrews.ac.uk,earthsci@st-andrews.ac.uk
SX20 Double Mixing System Applied Photo,St Andrews,+441334463800,http://www.st-andrews.ac.uk/chemistry/,chemistry@st-andrews.ac.uk
Ti-Sapphire Laser Tuning,St Andrews,+441334463111,http://www.st-andrews.ac.uk/physics/,physics@st-andrews.ac.uk
Octopus 16 Channel CompuScope Bundle,St Andrews,+441334463111,http://www.st-andrews.ac.uk/physics/,physics@st-andrews.ac.uk
EZ2 Plus HCL Evaporator 10793,St Andrews,+441334463800,http://www.st-andrews.ac.uk/chemistry/,chemistry@st-andrews.ac.uk
Thermo Fisher Orbitrap Velos Pro,St Andrews,+441334463800,http://www.st-andrews.ac.uk/chemistry/,chemistry@st-andrews.ac.uk
Organic Evaporation System,St Andrews,+441334463111,http://www.st-andrews.ac.uk/physics/,physics@st-andrews.ac.uk
Organic Evaporation System,St Andrews,+441334463111,http://www.st-andrews.ac.uk/physics/,physics@st-andrews.ac.uk
Evaporator System - final 10% accrual,St Andrews,+441334463111,http://www.st-andrews.ac.uk/physics/,physics@st-andrews.ac.uk
P12 Laser Fluorescence Microscope,St Andrews,+441334463111,http://www.st-andrews.ac.uk/physics/,physics@st-andrews.ac.uk
